Designator,Footprint,Quantity,Value,LCSC Part #
"BT1, BT2, BT3, BT4",18650_TH,4,Battery_Cell,
"C1, C2, C3, C4",0805,4,10u,
"C10, C5, C6, C9",0603,4,10u,
"C11, C12, C13, C14, C15, C16",0805,6,22u,
"C17, C18, C25, C26, C27, C28",0603,6,0.1uF,
"C19, C22, C23, C24",0603,4,0.1u,
C20,0402,1,0.01u,
C21,CP_Radial_D4.0mm_P1.50mm,1,10u,
"C7, C8",0402,2,0.1u,
"D1, D2, D3, D4, D5, D6",D_A-405_P10.16mm_Horizontal,6,D_Schottky,
"H1, H2, H3, H4",MountingHole_3.2mm_M3_ISO7380_Pad_TopBottom,4,MountingHole_Pad,
"IC1, IC2",TPS630701RNMT,2,TPS630701RNMT,
"J1, J2, J3, J4, J5, J6",PinHeader_1x02_P2.54mm_Vertical,6,Conn_01x02,
"J10, J12",PinSocket_2x26_P2.54mm_Vertical,2,Conn_02x26_Odd_Even,
"J11, J7, J8, J9",Hirose_DF13-05P-1.25DSA_1x05_P1.25mm_Vertical,4,Conn_01x05_Pin,
J13,PinHeader_1x03_P2.54mm_Vertical,1,Conn_01x03_Pin,
J14,PinHeader_2x03_P2.54mm_Vertical,1,AVR-ISP-6,
"JP1, JP2",0603,2,Jumper_2_Open,
"L1, L2",L_Bourns-SRN4018,2,1.5u,
Q1,SOT-23-3,1,NMOS,
"Q10, Q3, Q4, Q5, Q6, Q7, Q8, Q9",DQG_VSON-CLIP,8,CSD16406Q3,
Q2,SOT-23,1,PMOS,
R1,0603,1,1.65k,
"R10, R13, R15, R4, R9",0603,5,100k,
"R11, R12",WSL27261L000FEA,2,0.001,
"R14, R16, R6",0603,3,150k,
"R17, R18",0603,2,2k,
"R19, R2, R21, R3",0603,4,10k,
R20,0603,1,4.7k,
"R22, R23, R24, R29, R33, R37, R41",0603,7,330,
R25,0603,1,120,
"R26, R30, R34, R38",0603,4,2.2k,
"R27, R28, R31, R32, R35, R36, R39, R40",0603,8,5M,
R5,0603,1,470k,
R7,0603,1,680k,
R8,0603,1,130k,
SW1,PinHeader_1x03_P2.54mm_Vertical,1,SW_Push_SPDT,
"SW2, SW3, SW4, SW5, SW6, SW7",PinHeader_1x02_P2.54mm_Vertical,6,SW_Push_SPDT,
U1,TSOT-23-5,1,LTC4054XES5-4.2,
"U10, U7, U8, U9",WSON-6_1.5x1.5mm_P0.5mm,4,BQ297xy,
"U2, U3",SOT-23-5_HandSoldering,2,INA180,
U4,MSOP-8_3x3mm_P0.65mm,1,LT1762-3.3,
U5,DIP-28_W7.62mm,1,ATmega328-P,
U6,SOIC-14_3.9x8.7mm_P1.27mm,1,TCAN1043xDxQ1,
